{
  "train_losses": [
    1.143532268928759,
    1.08299885374127,
    1.0734289234334773,
    1.0686213428323919,
    1.0657661972623882,
    1.0639258370254978,
    1.0633282101515569,
    1.061997859766989,
    1.0614077214038733,
    1.0610590215885278,
    1.060693408503677,
    1.0607056039752383,
    1.0599228053381948,
    1.0598844560709866,
    1.0596066586899036,
    1.0594315998481982,
    1.0587485938361196,
    1.0589179541125442,
    1.0585960041392932,
    1.0585145860007314,
    1.0585720990643357,
    1.05804073268717,
    1.0578033309994321,
    1.0568711757659912,
    1.05743433489944,
    1.0579174775065798,
    1.0573490063349407,
    1.057451408920866,
    1.0574570713621196,
    1.0563535491625469
  ],
  "val_losses": [
    10.5507230758667,
    10.061686515808105,
    9.601938247680664,
    9.803604125976562,
    9.64028263092041,
    9.734245300292969,
    9.311318397521973,
    9.563672065734863,
    9.551602363586426,
    9.485200881958008,
    9.501967430114746,
    9.57388973236084,
    9.44150161743164,
    9.579955101013184,
    9.343421936035156,
    9.71195125579834,
    9.437945365905762,
    9.545722007751465,
    9.620338439941406,
    9.3253812789917,
    9.440987586975098,
    9.522890090942383,
    9.370443344116211,
    9.535324096679688,
    9.371925354003906,
    9.348010063171387,
    9.231720924377441,
    9.28580379486084,
    9.478196144104004,
    9.393810272216797
  ],
  "val_recalls": [
    0.034,
    0.004,
    0.022,
    0.022,
    0.016,
    0.02,
    0.024,
    0.03,
    0.024,
    0.022,
    0.032,
    0.034,
    0.028,
    0.032,
    0.032,
    0.036,
    0.028,
    0.02,
    0.024,
    0.016,
    0.02,
    0.016,
    0.022,
    0.02,
    0.016,
    0.02,
    0.022,
    0.026,
    0.024,
    0.028
  ],
  "val_precisions": [
    0.0034000000000000007,
    0.0004,
    0.0021999999999999997,
    0.0021999999999999997,
    0.0015999999999999999,
    0.0019999999999999996,
    0.0024,
    0.0030000000000000005,
    0.0024,
    0.0021999999999999997,
    0.0032000000000000006,
    0.0034000000000000007,
    0.0028000000000000004,
    0.0032000000000000006,
    0.0032000000000000006,
    0.0036000000000000008,
    0.0028000000000000004,
    0.0019999999999999996,
    0.0024,
    0.0015999999999999999,
    0.0019999999999999996,
    0.0015999999999999999,
    0.0021999999999999997,
    0.0019999999999999996,
    0.0015999999999999999,
    0.0019999999999999996,
    0.0021999999999999997,
    0.0026,
    0.0024,
    0.0028000000000000004
  ],
  "val_mrrs": [
    0.009907936507936508,
    0.004,
    0.003826984126984127,
    0.005415873015873016,
    0.0044190476190476185,
    0.006088095238095239,
    0.007071428571428571,
    0.011293650793650791,
    0.005684920634920634,
    0.005565873015873015,
    0.01128015873015873,
    0.00570952380952381,
    0.009521428571428573,
    0.009835714285714286,
    0.00917777777777778,
    0.009565873015873017,
    0.010196825396825397,
    0.011205555555555554,
    0.009527777777777779,
    0.007341269841269842,
    0.010033333333333333,
    0.00523015873015873,
    0.007188888888888889,
    0.008516666666666665,
    0.0062,
    0.006046825396825397,
    0.01085793650793651,
    0.008457142857142858,
    0.008824603174603173,
    0.00901031746031746
  ],
  "test_metrics": {
    "recall@10": 0.008,
    "precision@10": 0.0008,
    "hit_rate@10": 0.008,
    "mrr@10": 0.0028222222222222225,
    "ndcg@10": 0.003953895234638126,
    "loss": 10.376496315002441
  }
}